"Status","Start Time","Stop Time","Duration in ms","Parent Suite","Suite","Sub Suite","Test Class","Test Method","Name","Description"
"passed","Wed Nov 08 10:49:31 COT 2023","Wed Nov 08 10:49:31 COT 2023","53","","Test suite - task 1","","","","Third test",""
"passed","Wed Nov 08 10:49:31 COT 2023","Wed Nov 08 10:49:31 COT 2023","55","","Test suite - task 1","","","","Fourth test",""
"passed","Wed Nov 08 10:49:44 COT 2023","Wed Nov 08 10:49:44 COT 2023","31","","Test suite - task 1","","","","Fifth test",""
"passed","Wed Nov 08 10:49:41 COT 2023","Wed Nov 08 10:49:43 COT 2023","1966","","Test suite - task 1","","","","first test",""
"passed","Wed Nov 08 10:49:44 COT 2023","Wed Nov 08 10:49:44 COT 2023","44","","Test suite - task 1","","","","Fourth test",""
"passed","Wed Nov 08 10:49:43 COT 2023","Wed Nov 08 10:49:44 COT 2023","366","","Test suite - task 1","","","","Second test",""
"passed","Wed Nov 08 10:49:31 COT 2023","Wed Nov 08 10:49:31 COT 2023","98","","Test suite - task 1","","","","Second test",""
"passed","Wed Nov 08 10:49:31 COT 2023","Wed Nov 08 10:49:31 COT 2023","64","","Test suite - task 1","","","","Fifth test",""
"passed","Wed Nov 08 10:49:29 COT 2023","Wed Nov 08 10:49:31 COT 2023","1589","","Test suite - task 1","","","","first test",""
"passed","Wed Nov 08 10:49:44 COT 2023","Wed Nov 08 10:49:44 COT 2023","290","","Test suite - task 1","","","","Third test",""
